date,global_refinary_output,petrol_pump_price,petrol_duty_per_litre,petrol_vat,diesel_pump_price,diesel_duty_per_litre,diesel_vat,avg_stock_level,avg_road_fuel_deliveries,avg_road_fuel_sales,gbp_to_usd_xrate,brent_crude_price,brent_crude_open_price,brent_crude_high_price,brent_crude_low_price,brent_crude_volume_traded,ngas_price,ngas_open_price,ngas_high_price,ngas_low_price,brent_crude_price_range
2020-02-02,296457.8620689655,126.06142857142856,57.95,20.0,131.67999999999998,57.95,20.0,40.08576805,6345.0,6681.0,1.32046,27.4,27.59,27.67,26.93,10530,0.017633333333333334,0.01796666666666667,0.018033333333333335,0.017566666666666668,0.740000000000002
2020-02-09,301482.8965517241,124.89,57.95,20.0,129.9542857142857,57.95,20.0,43.99754884,6688.0,5115.0,1.28925,26.47,26.9,26.9,26.21,33200,0.017533333333333335,0.017566666666666664,0.017566666666666664,0.017433333333333332,0.6899999999999977
2020-02-16,306507.9310344828,123.93285714285715,57.95,20.0,128.4142857142857,57.95,20.0,42.72523216,6189.0,5822.0,1.30471,27.35,27.08,27.54,27.05,128480,0.017900000000000003,0.017733333333333334,0.017866666666666666,0.017733333333333334,0.48999999999999844
2020-02-23,311532.9655172414,123.5,57.95,20.0,127.74571428571429,57.95,20.0,40.1328133,6282.0,6461.0,1.2955,27.68,27.91,27.93,27.51,28040,0.017599999999999998,0.017666666666666667,0.017733333333333334,0.017499999999999998,0.41999999999999815
2020-03-01,316558.0,122.5757142857143,57.95,20.0,126.77000000000001,57.95,20.0,36.64522424,6903.0,7217.0,1.28215,23.86,24.18,24.42,23.52,75090,0.016333333333333335,0.016333333333333335,0.016333333333333335,0.0159,0.9000000000000021
2020-03-08,308392.8387096774,122.26714285714286,57.95,20.0,126.30285714285715,57.95,20.0,38.26640152,7164.0,6588.0,1.3049,21.82,23.61,23.64,21.75,120800,0.016133333333333333,0.015666666666666666,0.016266666666666665,0.015600000000000001,1.8900000000000006
2020-03-15,300227.67741935485,120.60285714285715,57.95,20.0,124.63,57.95,20.0,39.4664803,6847.0,6704.0,1.227,16.68,17.23,17.64,16.5,205550,0.017266666666666666,0.0174,0.017466666666666665,0.01693333333333333,1.1400000000000006
2020-03-22,292062.51612903224,119.73857142857143,57.95,20.0,123.54571428571428,57.95,20.0,44.97044724,6358.0,4367.0,1.165,14.38,15.43,15.7,14.0,206000,0.015366666666666666,0.0153,0.015566666666666666,0.015166666666666667,1.6999999999999993
2020-03-29,283897.3548387097,113.47714285714287,57.95,20.0,119.28714285714285,57.95,20.0,55.83417964,1562.0,1524.0,1.2455,13.92,14.24,14.28,13.8,167610,0.015333333333333332,0.015033333333333333,0.015166666666666667,0.015033333333333333,0.47999999999999865
2020-04-05,279577.3333333333,110.54714285714286,57.95,20.0,117.08285714285714,57.95,20.0,48.51380172,1283.0,1604.0,1.228421,15.78,14.59,16.5,14.59,357820,0.015466666666666667,0.015133333333333334,0.015366666666666667,0.014799999999999999,1.9100000000000001
2020-04-12,278141.1666666667,109.40714285714286,57.95,20.0,116.24714285714286,57.95,20.0,44.7228323,1778.0,1092.0,1.2447,16.18,16.23,17.26,15.8,594370,0.01612,0.01642,0.0165,0.01608,1.4600000000000009
2020-04-19,276705.0,108.72142857142856,57.95,20.0,115.79,57.95,20.0,40.55615199,1480.0,1731.0,1.25095,14.44,14.62,14.75,14.25,196150,0.016533333333333334,0.0162,0.0166,0.0161,0.5
2020-04-26,275268.8333333333,107.98714285714286,57.95,20.0,115.29285714285714,57.95,20.0,36.07490218,2039.0,1968.0,1.237,11.3,11.8,11.8,10.91,218840,0.0162,0.016533333333333334,0.016533333333333334,0.016266666666666665,0.8900000000000006
2020-05-03,274114.4193548387,107.60571428571428,57.95,20.0,114.98,57.95,20.0,36.95861287,2221.0,2113.0,1.2502,11.95,12.12,12.37,11.75,129680,0.017,0.016966666666666668,0.017366666666666666,0.016933333333333335,0.6199999999999992
2020-05-10,273664.3870967742,107.46571428571428,57.95,20.0,114.84571428571428,57.95,20.0,37.72946414,2252.0,2135.0,1.2406,14.03,13.35,14.49,13.29,246000,0.016525,0.016425,0.01665,0.016325,1.200000000000001
2020-05-17,273214.3548387097,105.42714285714285,57.95,20.0,112.59285714285714,57.95,20.0,35.21379162,3170.0,3163.0,1.2156646666666666,14.13,14.27,14.37,13.93,329330,0.0152,0.014766666666666666,0.015366666666666666,0.014633333333333333,0.4399999999999995
2020-05-24,272764.32258064515,104.90142857142858,57.95,20.0,111.77428571428571,57.95,20.0,36.87821035,3489.0,3227.0,1.216605,15.32,15.14,15.44,14.9,386080,0.014950000000000001,0.01455,0.01485,0.0145,0.5399999999999991
2020-05-31,272314.29032258067,105.12714285714286,57.95,20.0,111.75142857142858,57.95,20.0,35.84744329,3762.0,4063.0,1.23435,15.52,15.51,15.65,15.23,101330,0.0139,0.014,0.0141,0.013666666666666666,0.41999999999999993
2020-06-07,275426.0,105.65857142857142,57.95,20.0,111.94857142857143,57.95,20.0,39.43169601,4131.0,3783.0,1.26655,18.14,17.35,18.19,17.35,274590,0.0139,0.014,0.0141,0.013866666666666668,0.8399999999999999
2020-06-14,279131.3333333333,106.28,57.95,20.0,112.45142857142858,57.95,20.0,41.65374571,4475.0,4356.0,1.25445,16.69,16.14,17.01,16.1,285150,0.013300000000000001,0.013666666666666667,0.013666666666666667,0.013333333333333334,0.9100000000000001
2020-06-21,282836.6666666667,107.02142857142857,57.95,20.0,112.91571428571429,57.95,20.0,40.80452039,4173.0,4582.0,1.234885,18.29,18.0,18.34,17.99,306950,0.013166666666666667,0.0131,0.013166666666666667,0.013033333333333333,0.3500000000000014
2020-06-28,286542.0,108.14142857142858,57.95,20.0,113.94,57.95,20.0,38.90745284,4865.0,4699.0,1.23385,17.42,17.74,17.87,17.33,94070,0.0124,0.011766666666666667,0.0125,0.011666666666666667,0.5400000000000027
2020-07-05,287355.67741935485,109.27000000000001,57.95,20.0,114.91428571428571,57.95,20.0,39.93855719,5167.0,4930.0,1.248395,18.36,18.32,18.35,18.16,70960,0.013133333333333334,0.0131,0.013366666666666666,0.0131,0.19000000000000128
2020-07-12,286000.6129032258,110.98142857142857,57.95,20.0,116.50714285714285,57.95,20.0,40.82131741,5557.0,5433.0,1.26225,18.43,17.93,18.43,17.75,58740,0.013133333333333334,0.013,0.013133333333333334,0.013,0.6799999999999997
2020-07-19,284645.5483870968,112.08857142857143,57.95,20.0,117.2642857142857,57.95,20.0,41.53013545,5503.0,5414.0,1.25662,18.46,18.48,18.53,18.28,118770,0.012166666666666668,0.0126,0.0126,0.012133333333333335,0.25
2020-07-26,283290.48387096776,112.59857142857143,57.95,20.0,117.70142857142858,57.95,20.0,40.17917005,5388.0,5393.0,1.27915,18.55,18.6,18.82,18.53,82530,0.0129,0.013033333333333334,0.0133,0.013033333333333334,0.28999999999999915
2020-08-02,281770.93548387097,112.8742857142857,57.95,20.0,117.94,57.95,20.0,37.76526899,5746.0,5863.0,1.308535,18.49,18.67,18.68,18.39,54640,0.0144,0.013466666666666667,0.014533333333333334,0.013366666666666667,0.28999999999999915
2020-08-09,279264.48387096776,113.00428571428571,57.95,20.0,118.00428571428571,57.95,20.0,38.91869382,5775.0,5855.0,1.30435,19.06,19.2,19.28,19.0,41550,0.015600000000000001,0.015933333333333334,0.0161,0.015533333333333333,0.28000000000000114
2020-08-16,276758.03225806454,113.03714285714287,57.95,20.0,118.00142857142858,57.95,20.0,39.98954083,5769.0,5462.0,1.30865,19.18,19.28,19.3,19.09,41650,0.0163,0.016166666666666666,0.016466666666666668,0.0161,0.21000000000000085
2020-08-23,274251.5806451613,113.19428571428571,57.95,20.0,118.12,57.95,20.0,40.3051941,5917.0,5732.0,1.30895,18.83,19.27,19.27,18.84,85190,0.016833333333333336,0.016566666666666667,0.016766666666666666,0.016466666666666668,0.4299999999999997
2020-08-30,271745.12903225806,113.28,57.95,20.0,118.17428571428572,57.95,20.0,38.58370832,5708.0,5959.0,1.335105,19.43,19.32,19.44,19.24,82430,0.017,0.01725,0.01725,0.0169,0.20000000000000284
2020-09-06,274382.8333333333,113.35857142857144,57.95,20.0,118.21428571428571,57.95,20.0,39.84671063,5845.0,6049.0,1.32895,18.11,18.49,18.83,18.07,105630,0.0172,0.0172,0.0172,0.017,0.759999999999998
2020-09-13,279078.2,113.32714285714285,57.95,20.0,118.1857142857143,57.95,20.0,39.66137421,5543.0,6269.0,1.2795,16.98,16.88,17.1,16.75,31910,0.016133333333333333,0.0162,0.016433333333333335,0.0161,0.3500000000000014
2020-09-20,283773.56666666665,113.31142857142858,57.95,20.0,118.16285714285713,57.95,20.0,38.16091077,6219.0,6207.0,1.29165,18.25,18.38,18.41,17.94,87920,0.015566666666666666,0.0151,0.015533333333333333,0.015066666666666667,0.46999999999999886
2020-09-27,288468.93333333335,113.30142857142857,57.95,20.0,118.14285714285714,57.95,20.0,38.76502888,5746.0,6077.0,1.2745,17.59,17.75,17.78,17.51,69520,0.0163,0.016499999999999997,0.0166,0.0161,0.2699999999999996
2020-10-04,291679.12903225806,113.2657142857143,57.95,20.0,118.11428571428571,57.95,20.0,41.30929933,5637.0,5444.0,1.29335,16.58,16.62,16.67,16.23,341500,0.015433333333333334,0.0146,0.015333333333333332,0.014366666666666666,0.4400000000000013
2020-10-11,292909.0967741936,113.2,57.95,20.0,118.05857142857143,57.95,20.0,42.07508419,5618.0,5903.0,1.30485,17.95,17.9,18.0,17.87,54130,0.016033333333333333,0.0161,0.01626666666666667,0.015866666666666668,0.129999999999999
2020-10-18,294139.06451612903,113.18142857142858,57.95,20.0,118.07571428571428,57.95,20.0,41.96954679,5679.0,5613.0,1.2915,17.83,17.7,17.88,17.7,30860,0.0162,0.016166666666666666,0.01633333333333333,0.016133333333333333,0.17999999999999972
2020-10-25,295369.03225806454,113.14571428571429,57.95,20.0,118.08,57.95,20.0,41.94227527,5410.0,5450.0,1.30455,17.58,17.52,17.69,17.52,17410,0.015966666666666667,0.015966666666666667,0.0161,0.0159,0.1700000000000017
2020-11-01,296599.0,113.11428571428571,57.95,20.0,118.06285714285714,57.95,20.0,41.92559062,5573.0,5809.0,1.2945,15.55,15.59,15.88,15.43,130560,0.016,0.016333333333333335,0.016333333333333335,0.016066666666666667,0.45000000000000107
2020-11-08,298990.6666666667,112.58714285714285,57.95,20.0,117.39142857142858,57.95,20.0,45.04291069,5046.0,3965.0,1.31575,16.36,16.69,16.72,16.29,86280,0.014333333333333333,0.014433333333333333,0.014733333333333333,0.014266666666666667,0.4299999999999997
2020-11-15,301382.3333333333,112.37142857142857,57.95,20.0,117.1,57.95,20.0,45.47765485,4314.0,4101.0,1.3195,17.59,17.5,17.75,17.43,38460,0.014199999999999999,0.0146,0.014633333333333333,0.014133333333333333,0.3200000000000003
2020-11-22,303774.0,112.41,57.95,20.0,117.12142857142857,57.95,20.0,40.48461928,4072.0,4444.0,1.328585,18.08,18.04,18.25,18.04,37280,0.013266666666666666,0.013333333333333334,0.013433333333333334,0.013166666666666667,0.21000000000000085
2020-11-29,306165.6666666667,112.58285714285714,57.95,20.0,117.36999999999999,57.95,20.0,38.68397972,5255.0,4618.0,1.33065,19.56,19.28,19.65,19.26,26310,0.013833333333333333,0.0139,0.014166666666666666,0.013833333333333333,0.389999999999997
2020-12-06,307510.77419354836,113.09,57.95,20.0,117.90714285714286,57.95,20.0,38.350668,5624.0,5350.0,1.34395,19.88,20.07,20.12,19.63,145470,0.011733333333333333,0.011666666666666665,0.011833333333333333,0.011466666666666667,0.490000000000002
2020-12-13,308437.2580645161,113.72714285714285,57.95,20.0,118.48714285714286,57.95,20.0,42.11733117,6316.0,5019.0,1.32255,20.25,20.41,20.46,20.18,49010,0.012466666666666668,0.012433333333333333,0.012666666666666666,0.012333333333333333,0.28000000000000114
2020-12-20,309363.7419354839,114.34285714285714,57.95,20.0,119.08428571428571,57.95,20.0,44.18673017,6296.0,5148.0,1.35225,21.15,20.82,21.18,20.79,41200,0.0126,0.012666666666666666,0.0127,0.012433333333333333,0.39000000000000057
2020-12-27,310290.22580645164,114.84142857142857,57.95,20.0,119.58142857142857,57.95,20.0,42.15840873,4988.0,3574.0,1.3381,20.61,20.8,20.89,20.57,6270,0.0117,0.0115,0.01174,0.01136,0.3200000000000003
2021-01-03,308228.5806451613,115.32142857142857,57.95,20.0,119.92428571428572,57.95,20.0,47.58304349,4697.0,3817.0,1.3673,20.68,20.84,20.85,20.64,3010,0.012175,0.01195,0.012325000000000001,0.011850000000000001,0.21000000000000085
2021-01-10,298696.6129032258,116.03285714285714,57.95,20.0,120.51857142857143,57.95,20.0,47.39127167,3381.0,3300.0,1.35655,22.45,22.17,22.5,22.09,315110,0.012466666666666666,0.012266666666666667,0.012533333333333334,0.012166666666666666,0.41000000000000014
2021-01-17,289164.6451612903,116.81714285714287,57.95,20.0,121.39,57.95,20.0,42.94649487,3153.0,3379.0,1.35885,22.4,22.63,22.66,22.23,87500,0.012333333333333333,0.012433333333333333,0.012533333333333334,0.0123,0.4299999999999997
2021-01-24,279632.67741935485,117.93285714285715,57.95,20.0,122.53142857142858,57.95,20.0,38.08737273,3185.0,2841.0,1.36816,22.39,22.41,22.5,22.18,31650,0.012,0.011866666666666666,0.012033333333333333,0.0117,0.3200000000000003
2021-01-31,270100.70967741933,118.99142857142857,57.95,20.0,123.55714285714286,57.95,20.0,34.51638961,3604.0,3731.0,1.3705,22.41,22.28,22.66,22.28,13730,0.012966666666666666,0.0128,0.013099999999999999,0.012666666666666666,0.379999999999999
2021-02-07,276578.4285714286,119.59428571428572,57.95,20.0,124.03428571428572,57.95,20.0,36.5394191,3993.0,3392.0,1.37365,24.14,23.95,24.19,23.95,90990,0.0138,0.013866666666666666,0.014066666666666667,0.013733333333333334,0.240000000000002
2021-02-14,285724.4285714286,120.40714285714286,57.95,20.0,124.87857142857143,57.95,20.0,36.52579118,3762.0,3541.0,1.3842,25.09,24.52,25.09,24.4,33940,0.0138,0.0138,0.013900000000000001,0.013600000000000001,0.6900000000000013
2021-02-21,294870.4285714286,121.16428571428571,57.95,20.0,125.61,57.95,20.0,36.20154639,4155.0,3859.0,1.40165,25.38,25.32,25.65,25.1,369660,0.013866666666666668,0.013866666666666666,0.013966666666666667,0.0138,0.5499999999999972
2021-02-28,304016.4285714286,122.04142857142857,57.95,20.0,126.49000000000001,57.95,20.0,34.09036875,4304.0,4545.0,1.3925,26.5,26.53,26.72,26.26,123520,0.013133333333333334,0.013166666666666667,0.013233333333333333,0.013066666666666667,0.4599999999999973
2021-03-07,300567.32258064515,122.83,57.95,20.0,127.28857142857143,57.95,20.0,36.83471542,4686.0,4412.0,1.3802336666666668,27.94,27.5,28.14,27.47,72130,0.012733333333333333,0.013,0.013,0.012733333333333333,0.6700000000000017
2021-03-14,295019.0322580645,123.76285714285714,57.95,20.0,128.12,57.95,20.0,38.56998625,4755.0,4579.0,1.39245,28.25,28.1,28.33,27.99,38720,0.0122,0.012400000000000001,0.012400000000000001,0.0122,0.33999999999999986
2021-03-21,289470.7419354839,124.47428571428571,57.95,20.0,128.90857142857143,57.95,20.0,38.50571983,4785.0,4555.0,1.387,26.28,25.88,26.49,25.6,79590,0.012066666666666667,0.012,0.012066666666666667,0.011866666666666668,0.889999999999997
2021-03-28,283922.4516129032,125.05,57.95,20.0,129.27714285714285,57.95,20.0,39.94386573,4752.0,4445.0,1.3791,26.47,26.02,26.49,25.9,20700,0.0122,0.0124,0.0124,0.012233333333333334,0.5899999999999999
2021-04-04,281666.4,125.22428571428571,57.95,20.0,129.34571428571428,57.95,20.0,38.36885003,5380.0,4286.0,1.3875826666666666,25.99,26.12,26.42,25.73,129420,0.01216,0.012060000000000001,0.01222,0.012,0.6900000000000013
2021-04-11,283800.0,125.37714285714286,57.95,20.0,129.3842857142857,57.95,20.0,40.00651467,5154.0,5291.0,1.37085,25.91,25.84,26.01,25.75,9820,0.012,0.011966666666666667,0.012066666666666667,0.0119,0.26000000000000156
2021-04-18,285933.6,125.46857142857144,57.95,20.0,129.4757142857143,57.95,20.0,35.77280802,5633.0,5974.0,1.38335,27.47,27.58,27.62,27.32,41790,0.012566666666666667,0.0126,0.012666666666666666,0.012466666666666668,0.3000000000000007
2021-04-25,288067.2,125.75428571428571,57.95,20.0,129.73000000000002,57.95,20.0,36.60285598,6333.0,6092.0,1.38735,26.95,26.92,27.14,26.7,81650,0.012833333333333334,0.012733333333333333,0.012766666666666666,0.012566666666666667,0.4400000000000013
2021-05-02,289812.03225806454,126.04857142857144,57.95,20.0,129.96714285714285,57.95,20.0,36.80621671,6069.0,5527.0,1.38165,27.54,28.07,28.08,27.47,100220,0.0132,0.013049999999999999,0.01335,0.013000000000000001,0.6099999999999994
2021-05-09,289224.2580645161,126.46714285714286,57.95,20.0,130.36857142857144,57.95,20.0,41.1032696,6200.0,5780.0,1.39745,28.25,28.24,28.3,27.92,109110,0.0132,0.013166666666666667,0.0133,0.013033333333333333,0.379999999999999
2021-05-16,288636.48387096776,127.09571428571428,57.95,20.0,130.9442857142857,57.95,20.0,40.86404768,5914.0,5777.0,1.412329,28.23,27.65,28.24,27.59,52680,0.013833333333333333,0.013566666666666666,0.013933333333333332,0.0135,0.6499999999999986
2021-05-23,288048.70967741933,127.79,57.95,20.0,131.45000000000002,57.95,20.0,39.75225238,5838.0,5930.0,1.41505,27.62,26.94,27.63,26.52,55970,0.013066666666666666,0.013066666666666667,0.013133333333333334,0.012933333333333333,1.1099999999999994
2021-05-30,287460.93548387097,128.11285714285714,57.95,20.0,131.77714285714285,57.95,20.0,34.5714165,5778.0,6397.0,1.4202866666666667,28.77,28.65,28.9,28.64,58360,0.0135,0.01335,0.013600000000000001,0.01325,0.259999999999998
2021-06-06,290283.3333333333,128.61285714285714,57.95,20.0,132.29999999999998,57.95,20.0,31.98703119,5618.0,6319.0,1.41607,29.62,29.6,29.87,29.55,37420,0.013566666666666666,0.013633333333333334,0.0137,0.013366666666666667,0.3200000000000003
2021-06-13,294469.8,129.35857142857142,57.95,20.0,133.05714285714285,57.95,20.0,33.0482889,6071.0,6158.0,1.41075,30.0,30.05,30.16,29.94,77360,0.014533333333333334,0.0145,0.014566666666666667,0.014366666666666666,0.21999999999999886
2021-06-20,298656.26666666666,130.01,57.95,20.0,133.6157142857143,57.95,20.0,34.64629456,6177.0,6182.0,1.38115,30.31,29.88,30.38,29.77,83630,0.014166666666666666,0.014,0.014233333333333334,0.013933333333333332,0.6099999999999994
2021-06-27,302842.73333333334,130.64,57.95,20.0,134.18714285714287,57.95,20.0,35.40817231,6088.0,6250.0,1.38785,31.27,31.1,31.26,31.02,17130,0.015733333333333335,0.015333333333333332,0.01566666666666667,0.015333333333333332,0.240000000000002
2021-07-04,304971.29032258067,131.56142857142856,57.95,20.0,134.15,57.95,20.0,35.60103055,5760.0,5957.0,1.38225,31.67,31.53,31.67,31.34,16350,0.016333333333333335,0.016166666666666666,0.016300000000000002,0.016133333333333333,0.33000000000000185
2021-07-11,304355.96774193546,132.35999999999999,57.95,20.0,135.12428571428572,57.95,20.0,37.32813225,5760.0,5714.0,1.39025,31.52,31.0,31.5,31.0,18330,0.0162,0.016033333333333333,0.016433333333333335,0.015966666666666667,0.5
2021-07-18,303740.6451612903,133.09571428571428,57.95,20.0,135.85571428571427,57.95,20.0,37.09127228,5865.0,6340.0,1.37745,30.74,30.51,30.83,30.33,8180,0.0162,0.016066666666666667,0.016366666666666668,0.016033333333333333,0.5
2021-07-25,303125.32258064515,133.44,57.95,20.0,136.1642857142857,57.95,20.0,35.4535224,5797.0,6092.0,1.37485,30.76,30.68,30.78,30.66,5650,0.017766666666666667,0.017633333333333334,0.018033333333333335,0.0176,0.120000000000001
2021-08-01,302510.0,134.1057142857143,57.95,20.0,136.79142857142855,57.95,20.0,35.57485765,6117.0,6229.0,1.3905,31.6,31.38,31.66,31.38,17580,0.017433333333333335,0.0175,0.0177,0.017333333333333336,0.28000000000000114
2021-08-08,298987.1935483871,134.63,57.95,20.0,137.25,57.95,20.0,37.03915445,6111.0,5971.0,1.38775,29.92,30.2,30.51,29.78,29040,0.017966666666666666,0.0183,0.0183,0.0179,0.7300000000000004
2021-08-15,295464.3870967742,134.76000000000002,57.95,20.0,136.84714285714287,57.95,20.0,36.61110644,6007.0,6182.0,1.3865,30.0,29.93,30.02,29.9,14570,0.017366666666666666,0.016999999999999998,0.017533333333333335,0.01693333333333333,0.120000000000001
2021-08-22,291941.5806451613,134.69285714285715,57.95,20.0,137.09571428571428,57.95,20.0,36.48400728,5858.0,6136.0,1.36225,27.86,27.98,27.98,27.54,23400,0.017033333333333334,0.016966666666666665,0.0172,0.016966666666666665,0.4400000000000013
2021-08-29,288418.77419354836,134.66285714285715,57.95,20.0,137.1157142857143,57.95,20.0,34.17480792,5890.0,5944.0,1.3765,30.38,30.2,30.38,30.1,33910,0.019049999999999997,0.0187,0.019049999999999997,0.01845,0.2799999999999976
2021-09-05,289342.6,134.74571428571429,57.95,20.0,137.17857142857142,57.95,20.0,35.6820328,5799.0,6396.0,1.3865,31.0,30.97,31.26,30.91,25020,0.02036666666666667,0.0204,0.0207,0.020333333333333335,0.3500000000000014
2021-09-12,293601.4,134.75142857142856,57.95,20.0,137.19,57.95,20.0,32.90598664,5866.0,6395.0,1.3835,30.89,30.57,31.04,30.57,38190,0.022166666666666664,0.021599999999999998,0.0223,0.021366666666666666,0.46999999999999886
2021-09-19,297860.2,134.84428571428572,57.95,20.0,137.32714285714286,57.95,20.0,30.26424893,5755.0,6367.0,1.37405,31.78,31.99,32.0,31.69,13420,0.022433333333333333,0.0222,0.022633333333333335,0.0219,0.3099999999999987
2021-09-26,302119.0,135.14285714285714,57.95,20.0,137.8642857142857,57.95,20.0,14.84489808,7385.0,8183.0,1.3685,32.9,32.76,32.91,32.67,13640,0.023533333333333333,0.022733333333333335,0.023466666666666667,0.022533333333333332,0.23999999999999488
2021-10-03,305430.6129032258,135.97,57.95,20.0,139.02142857142857,57.95,20.0,21.96994472,6979.0,6238.0,1.3545,33.6,33.45,33.68,33.24,37190,0.024733333333333333,0.02493333333333333,0.0259,0.024300000000000002,0.4399999999999977
2021-10-10,306374.2580645161,137.01714285714286,57.95,20.0,140.45142857142858,57.95,20.0,32.64611071,6410.0,5706.0,1.36135,35.6,35.58,35.7,35.26,47430,0.023466666666666667,0.024666666666666667,0.0249,0.0233,0.44000000000000483
2021-10-17,307317.9032258064,139.13285714285715,57.95,20.0,142.82857142857142,57.95,20.0,41.93454999,5921.0,5654.0,1.3745,36.35,36.33,36.44,36.2,24850,0.023100000000000002,0.0232,0.0238,0.0229,0.23999999999999488
2021-10-24,308261.5483870968,141.4742857142857,57.95,20.0,145.51285714285714,57.95,20.0,44.73896078,5458.0,5727.0,1.37605,36.3,35.98,36.6,35.98,29940,0.024233333333333336,0.023466666666666667,0.024433333333333335,0.023433333333333334,0.6200000000000045
2021-10-31,309205.1935483871,143.42999999999998,57.95,20.0,147.25428571428571,57.95,20.0,41.80731652,5376.0,5906.0,1.3685,36.03,36.25,36.31,35.7,26790,0.022500000000000003,0.0231,0.0234,0.022366666666666667,0.6099999999999994
2021-11-07,309980.2,144.72857142857143,57.95,20.0,148.6457142857143,57.95,20.0,42.48472731,5803.0,6179.0,1.3498,35.72,35.09,35.74,34.9,22630,0.02333333333333333,0.023533333333333333,0.023666666666666666,0.02273333333333333,0.8400000000000034
2021-11-14,310727.1,145.73142857142858,57.95,20.0,149.62857142857143,57.95,20.0,43.76791596,6001.0,6019.0,1.3415,35.53,35.35,35.61,35.21,14210,0.0204,0.0206,0.020999999999999998,0.02,0.3999999999999986
2021-11-21,311474.0,146.7442857142857,57.95,20.0,150.59142857142857,57.95,20.0,43.28852005,5551.0,6206.0,1.3445,34.08,35.49,35.5,33.94,39070,0.020233333333333332,0.020633333333333333,0.0207,0.0198,1.5600000000000023
2021-11-28,312220.9,147.43857142857144,57.95,20.0,151.22714285714287,57.95,20.0,41.22711418,5606.0,6303.0,1.33425,31.88,33.88,34.11,31.79,74370,0.0205,0.021066666666666668,0.021333333333333333,0.020300000000000002,2.3200000000000003
2021-12-05,311914.8064516129,146.98142857142855,57.95,20.0,150.71,57.95,20.0,40.52466099,5874.0,6212.0,1.32325,31.33,31.28,31.84,31.28,179490,0.015833333333333335,0.016233333333333332,0.016433333333333335,0.015633333333333332,0.5599999999999987
2021-12-12,310818.96774193546,146.31571428571428,57.95,20.0,149.9842857142857,57.95,20.0,42.76681235,6097.0,6000.0,1.32725,32.91,32.65,33.36,32.65,63640,0.016133333333333333,0.016166666666666666,0.016533333333333334,0.016133333333333333,0.7100000000000009
2021-12-19,309723.12903225806,145.31142857142856,57.95,20.0,149.03142857142856,57.95,20.0,44.7559324,6349.0,5945.0,1.32465,32.58,32.91,32.91,32.32,24350,0.015633333333333332,0.015300000000000001,0.015566666666666666,0.0151,0.5899999999999963
2021-12-26,308627.29032258067,144.9542857142857,57.95,20.0,148.82999999999998,57.95,20.0,39.18984121,2164.0,3581.0,1.33875,33.46,34.0,34.0,33.5,3420,0.0154,0.01558,0.01566,0.015300000000000001,0.5
2022-01-02,306842.4193548387,145.02285714285713,57.95,20.0,148.84571428571428,57.95,20.0,45.32404637,5430.0,4735.0,1.35315,34.39,35.05,35.05,34.48,5510,0.0151,0.015349999999999999,0.0155,0.01515,0.5700000000000003
2022-01-09,300923.3548387097,144.85142857142856,57.95,20.0,148.67857142857144,57.95,20.0,48.18569981,5144.0,5528.0,1.35885,36.26,36.41,36.63,36.07,85900,0.016066666666666667,0.01626666666666667,0.016566666666666667,0.015933333333333334,0.5600000000000023
2022-01-16,295004.29032258067,144.80285714285716,57.95,20.0,148.69285714285712,57.95,20.0,46.12305053,5525.0,5811.0,1.36755,37.77,37.57,37.76,37.45,12810,0.017266666666666666,0.017233333333333333,0.017433333333333335,0.017166666666666667,0.30999999999999517
2022-01-23,289085.22580645164,144.86,57.95,20.0,148.7942857142857,57.95,20.0,44.1785872,5882.0,5792.0,1.3555,38.71,38.41,38.81,38.16,24030,0.016300000000000002,0.015933333333333334,0.01626666666666667,0.01576666666666667,0.6500000000000057
2022-01-30,283166.1612903226,145.6157142857143,57.95,20.0,149.5557142857143,57.95,20.0,42.87850711,5770.0,6122.0,1.34055,39.47,39.37,39.85,39.04,42750,0.020133333333333333,0.020166666666666666,0.020933333333333335,0.0195,0.8100000000000023
2022-02-06,286203.03571428574,146.24571428571429,57.95,20.0,150.21142857142857,57.95,20.0,43.65776764,5911.0,5843.0,1.35378,41.23,40.41,41.25,40.41,35940,0.018600000000000002,0.019733333333333332,0.019799999999999998,0.018566666666666665,0.8400000000000034
2022-02-13,292822.28571428574,146.86142857142858,57.95,20.0,150.9857142857143,57.95,20.0,42.99068176,5818.0,5747.0,1.35625,41.1,40.24,41.12,40.24,23160,0.0173,0.017333333333333336,0.017533333333333335,0.017066666666666667,0.8799999999999955
2022-02-20,299441.53571428574,147.65285714285716,57.95,20.0,151.82857142857142,57.95,20.0,42.1898142,5230.0,5551.0,1.35942,40.87,40.45,41.12,39.85,42270,0.0196,0.01916666666666667,0.019966666666666667,0.019133333333333332,1.269999999999996
2022-02-27,306060.78571428574,149.01285714285714,57.95,20.0,153.15857142857143,57.95,20.0,31.93600434,6122.0,6719.0,1.34075,41.96,43.86,44.01,41.94,79280,0.0189,0.0196,0.019666666666666666,0.018666666666666665,2.0700000000000003
2022-03-06,305710.5483870968,152.41714285714284,57.95,20.0,157.81714285714287,57.95,20.0,35.43249876,6399.0,6393.0,1.32275,51.18,49.66,51.84,49.22,32910,0.02093333333333333,0.021099999999999997,0.021666666666666667,0.020533333333333334,2.6200000000000045
2022-03-13,302572.51612903224,158.95857142857145,57.95,20.0,167.92,57.95,20.0,35.63015913,5858.0,5899.0,1.30385,50.44,50.44,51.13,48.94,69280,0.01983333333333333,0.019733333333333332,0.0201,0.019533333333333333,2.190000000000005
2022-03-20,299434.48387096776,164.59714285714287,57.95,20.0,176.32857142857142,57.95,20.0,38.1663895,6134.0,6040.0,1.3181,48.88,49.15,49.16,48.26,48010,0.020733333333333333,0.020833333333333332,0.021066666666666668,0.020399999999999998,0.8999999999999986
2022-03-27,296296.4516129032,163.03857142857143,53.66428571428572,20.0,176.58714285714285,53.66428571428572,20.0,37.34810936,5626.0,6268.0,1.31905,54.24,52.83,54.24,52.01,12570,0.0235,0.023433333333333334,0.023866666666666668,0.023033333333333333,2.230000000000004
2022-04-03,294546.4,162.0157142857143,52.95,20.0,176.06285714285715,52.95,20.0,29.65142714,4724.0,6067.0,1.31145,49.65,49.3,49.75,48.23,11250,0.024433333333333335,0.024133333333333333,0.024433333333333335,0.023933333333333334,1.5200000000000031
2022-04-10,296266.3,161.79857142857142,52.95,20.0,176.18857142857144,52.95,20.0,26.8638503,6165.0,6347.0,1.30183,48.27,48.28,48.41,47.71,16840,0.0275,0.026699999999999998,0.027833333333333335,0.026633333333333332,0.6999999999999957
2022-04-17,297986.2,161.68571428571428,52.95,20.0,175.9714285714286,52.95,20.0,31.89736627,6647.0,4763.0,1.306,51.34,51.1,51.45,50.96,54000,0.03018,0.029240000000000002,0.03214,0.029240000000000002,0.490000000000002
2022-04-24,299706.1,161.81571428571428,52.95,20.0,176.27285714285716,52.95,20.0,39.71487406,6222.0,6073.0,1.28395,50.91,51.24,51.3,50.55,22280,0.028333333333333332,0.028133333333333333,0.029066666666666668,0.027700000000000002,0.75
2022-05-01,301426.0,162.38857142857142,52.95,20.0,176.9557142857143,52.95,20.0,40.44242231,5852.0,5689.0,1.25735,51.97,51.79,52.65,51.65,17820,0.031799999999999995,0.030449999999999998,0.032100000000000004,0.0303,1.0
2022-05-08,299406.1612903226,163.50857142857143,52.95,20.0,178.2,52.95,20.0,42.47932301,5860.0,6246.0,1.23395,54.15,53.42,54.36,53.13,"24,020",0.03216666666666667,0.0349,0.035500000000000004,0.032,1.2299999999999969
2022-05-15,297386.32258064515,164.88857142857142,52.95,20.0,179.48714285714286,52.95,20.0,41.87895604,5846.0,6079.0,1.2265,52.74,51.8,52.9,51.64,"9,130",0.0328,0.03253333333333333,0.03383333333333333,0.0321,1.259999999999998
2022-05-22,295366.48387096776,167.23285714285714,52.95,20.0,180.94714285714286,52.95,20.0,41.79764682,5931.0,6140.0,1.24885,52.86,52.56,53.07,52.56,"4,810",0.034866666666666664,0.033966666666666666,0.035,0.03303333333333333,0.509999999999998
2022-05-29,293346.6451612903,169.96428571428572,52.95,20.0,182.09428571428572,52.95,20.0,41.99959067,6405.0,5988.0,1.26291,54.97,54.85,55.33,54.54,"12,740",0.03593333333333333,0.0364,0.03673333333333333,0.0354,0.7899999999999991
2022-06-05,294448.2,174.32857142857145,52.95,20.0,184.5557142857143,52.95,20.0,44.0509131,5719.0,5457.0,1.24885,56.47,56.11,56.71,55.95,"16,020",0.03782,0.036180000000000004,0.03792,0.03586,0.759999999999998
2022-06-12,297890.8,181.45285714285714,52.95,20.0,189.6457142857143,52.95,20.0,41.56653643,5570.0,6139.0,1.23165,58.24,59.02,59.63,57.72,"18,450",0.03556666666666666,0.0362,0.0369,0.035166666666666666,1.9100000000000037
2022-06-19,301333.4,186.23285714285714,52.95,20.0,194.2357142857143,52.95,20.0,40.7836602,5423.0,6137.0,1.22255,54.89,57.62,58.09,54.69,"14,300",0.02843333333333333,0.028733333333333333,0.028900000000000002,0.028233333333333333,3.4000000000000057
2022-06-26,304776.0,190.34714285714287,52.95,20.0,198.35,52.95,20.0,41.32088799,5897.0,6105.0,1.22645,54.19,52.27,54.07,52.08,"13,280",0.0261,0.025733333333333334,0.0263,0.0253,1.990000000000002
2022-07-03,307296.7419354839,191.46142857142857,52.95,20.0,199.17857142857142,52.95,20.0,41.42197584,5672.0,6016.0,1.2105,54.59,53.57,55.31,53.34,"47,810",0.024166666666666666,0.0236,0.0243,0.0234,1.9699999999999989
2022-07-10,307512.8387096774,190.76142857142858,52.95,20.0,198.80857142857144,52.95,20.0,42.8569626,5797.0,6084.0,1.20295,52.62,51.52,52.66,51.3,"12,790",0.026033333333333332,0.0258,0.026766666666666664,0.025666666666666667,1.3599999999999994
2022-07-17,307728.93548387097,189.1642857142857,52.95,20.0,197.70285714285714,52.95,20.0,41.82730725,5530.0,5949.0,1.18545,49.85,48.48,50.0,48.28,"10,020",0.029766666666666667,0.028733333333333333,0.0298,0.028366666666666665,1.7199999999999989
2022-07-24,307945.03225806454,186.93142857142857,52.95,20.0,196.1157142857143,52.95,20.0,42.24173472,5716.0,5710.0,1.20045,51.35,51.25,51.25,50.54,"4,890",0.03476666666666667,0.03333333333333333,0.035,0.03323333333333334,0.7100000000000009
2022-07-31,308161.12903225806,183.31714285714287,52.95,20.0,193.44571428571427,52.95,20.0,42.20180204,5672.0,5710.0,1.2175,53.94,52.6,54.34,52.54,"11,230",0.03323333333333334,0.03343333333333333,0.03373333333333334,0.032633333333333334,1.8000000000000043
2022-08-07,307778.5806451613,178.37285714285713,52.95,20.0,189.14000000000001,52.95,20.0,42.85003876,5651.0,5917.0,1.20725,49.21,48.72,49.3,47.87,"12,970",0.03256666666666667,0.03286666666666667,0.033133333333333334,0.031933333333333334,1.4299999999999997
2022-08-14,307296.2580645161,174.68285714285713,52.95,20.0,185.63571428571427,52.95,20.0,42.05011295,5606.0,5930.0,1.214175,50.76,51.59,51.8,50.55,"10,640",0.036000000000000004,0.036033333333333334,0.0363,0.03503333333333333,1.25
2022-08-21,306813.93548387097,171.57571428571427,52.95,20.0,183.23999999999998,52.95,20.0,43.06640718,5678.0,5926.0,1.18295,50.41,49.5,50.47,49.26,"3,050",0.03966666666666666,0.03813333333333333,0.04023333333333333,0.037866666666666667,1.2100000000000009
2022-08-28,306331.6129032258,170.2657142857143,52.95,20.0,183.16,52.95,20.0,41.61037622,5767.0,5701.0,1.17495,51.24,52.1,52.44,50.92,"15,460",0.0381,0.039099999999999996,0.039150000000000004,0.03795,1.519999999999996
